customer_id,probability,prediction
0668-OGMHD,0.24588401245329145,0
3292-PBZEJ,0.5632520579659597,1
3223-DWFIO,0.7437901850380187,1
6377-KSLXC,0.2258764234706731,0
5360-XGYAZ,0.004911900831977668,0
8146-QQKZH,0.011643942197657475,0
5146-YYFRZ,0.0015075344989824528,0
4312-GVYNH,0.003813799004978041,0
8404-FYDIB,0.3328236063469814,0
2369-UAPKZ,0.5910800995361444,1
2995-YWTCD,0.036107403510335846,0
1927-QEWMY,0.0011333237608189336,0
1027-LKKQQ,0.010640785457199662,0
4763-PGDPO,0.7450886774380377,1
7531-GQHME,0.15649641292170843,0
0743-HNPFG,0.026423463211700592,0
8717-VCTXJ,0.015422006577524804,0
3082-VQXNH,0.417433101227558,0
9281-CEDRU,0.008032352224537945,0
7629-WFGLW,0.14223002403717663,0
9172-ANCRX,0.6292934061051181,1
1852-QSWCD,0.0020690445522451397,0
2360-RDGRO,0.32714147376002106,0
7219-TLZHO,0.2349632899739054,0
7663-YJHSN,0.0422292495390513,0
5701-YVSVF,0.5949258187644649,1
0952-KMEEH,0.4925193137417846,0
8519-QJGJD,0.6624418256563017,1
8617-ENBDS,0.6576755408446373,1
7619-ODSGN,0.25642848527938905,0
2683-JXWQQ,0.020061181612120078,0
9917-KWRBE,0.06758521386533199,0
6203-HBZPA,0.011472329281588315,0
5133-VRSAB,0.3089795259970253,0
0495-ZBNGW,0.6316756133455506,1
5197-LQXXH,0.01330383105563757,0
1273-MTETI,0.7440238126402019,1
5306-BVTKJ,0.04656283725784814,0
9360-AHGNL,0.1930757422301318,0
3426-NIYYL,0.42481311238120356,0
6917-IAYHD,0.3439553173385677,0
3638-DIMPH,0.3323806159911568,0
7672-VFMXZ,0.04415527284336329,0
2239-CGBUZ,0.02206318324373623,0
5312-IRCFR,0.20420232056238796,0
1196-AMORA,0.722338620184765,1
5074-FBGHB,0.16566977474281397,0
8707-RMEZH,0.07539568559503734,0
4770-QAZXN,0.14482728846442483,0
0691-IFBQW,0.2779299707716678,0
1534-OULXE,0.018189712263041887,0
3138-BKYAV,0.6858371602632186,1
8739-QOTTN,0.26161754204648363,0
5780-INQIK,0.4090004746448213,0
3258-ZKPAI,0.059367702248433275,0
8808-ELEHO,0.7092728526119962,1
8461-EFQYM,0.0334005053296306,0
7976-CICYS,0.2369374665521959,0
7964-ZRKKG,0.10618338380564417,0
3566-HJGPK,0.4882460714639426,0
6997-UVGOX,0.009940886962403998,0
6927-WTFIV,0.4875900601952849,0
1325-USMEC,0.055067766876783976,0
0219-QAERP,0.03302357163698121,0
4640-UHDOS,0.4553733296996818,0
4607-CHPCA,0.4740952684259842,0
9947-OTFQU,0.6040047365025435,1
4390-KYULV,0.2479613720464589,0
8290-YWKHZ,0.554013824244615,1
7240-FQLHE,0.4564221160180987,0
6778-YSNIH,0.5332016645400112,1
6362-QHAFM,0.3419833961226405,0
0404-SWRVG,0.752399152109737,1
5913-INRQV,0.175039021954503,0
5298-GSTLM,0.16834777231131104,0
2516-XSJKX,0.03545500664270801,0
7401-JIXNM,0.020590740461277447,0
2108-YKQTY,0.39190407389697757,0
4680-KUTAJ,0.3868558166016378,0
6480-YAGIY,0.1556518583069654,0
4672-FOTSD,0.2556881460361394,0
1480-IVEVR,0.2728048520765861,0
2260-USTRB,0.6636732002312208,1
0822-GAVAP,0.5933958992784172,1
6807-SIWJI,0.3035473856729314,0
5499-ECUTN,0.050254284617748377,0
8979-CAMGB,0.22285458905189331,0
4415-IJZTP,0.765847020262943,1
6240-EURKS,0.35614662704697236,0
9242-TKFSV,0.00514651723599682,0
5385-SUIRI,0.4108087099296571,0
2178-PMGCJ,0.4635163723401178,0
3278-FSIXX,0.4730797481209176,0
2860-RANUS,0.5201149571199053,1
3259-FDWOY,0.10095807550964414,0
6734-FQAJX,0.07752012705528624,0
9251-AWQGT,0.00527042443606942,0
9860-LISIZ,0.040972064431119136,0
1934-SJVJK,0.2745011347198704,0
7318-EIVKO,0.5104341747198384,1
3376-BMGFE,0.6467793982693518,1
3106-ULWFW,0.6081328572913821,1
0323-XWWTN,0.09565106644804466,0
2372-HWUHI,0.5891693790272903,1
1432-FPAXX,0.18749079464457916,0
9430-NKQLY,0.0012940905929203356,0
8091-TTVAX,0.20826957720919834,0
1728-BQDMA,0.5892786882912211,1
8999-EXMNO,0.035176999200736025,0
5174-ITUMV,0.24707874549841016,0
1575-KRZZE,0.4226668854069228,0
5696-JVVQY,0.02198890838421622,0
4616-ULAOA,0.08255432234541848,0
8734-FNWVH,0.1869465755784615,0
0306-JAELE,0.6429703908473379,1
6692-YQHXC,0.5413188711576749,1
4759-TRPLW,0.7675350382364188,1
1760-CAZHT,0.07061919942371453,0
2346-DJQTB,0.15137678491588288,0
2405-LBMUW,0.010423323997994643,0
3148-AOIQT,0.001567656308496411,0
2609-IAICY,0.7647514659555503,1
3307-TLCUD,0.2118727459979657,0
2277-DJJDL,0.3113973694526437,0
7450-NWRTR,0.6998687197525741,1
8815-LMFLX,0.07267094680697643,0
2842-JTCCU,0.4732942679599738,0
7402-PWYJJ,0.21356653159461744,0
5143-WMWOG,0.37537819802881356,0
5995-LFTLE,0.003191642449286544,0
8943-URTMR,0.6618933344999406,1
7083-YNSKY,0.13470150944413922,0
1038-RQOST,0.1049799814371016,0
0454-OKRCT,0.09889450379041813,0
7241-AJHFS,0.2510172188535565,0
8788-DOXSU,0.04044745105533403,0
3262-EIDHV,0.010553050409057204,0
6856-RAURS,0.6629942021692989,1
6050-FFXES,0.07608621867779332,0
0565-IYCGT,0.01638504635696888,0
1535-VTJOQ,0.026021547867321724,0
9938-PRCVK,0.008379920370572006,0
1135-HIORI,0.2339672364037517,0
3441-CGZJH,0.03788831734492747,0
5317-FLPJF,0.007558011211246237,0
3951-NJCVI,0.4907097077405742,0
3966-HRMZA,0.6533810016520287,1
0193-ESZXP,0.11221144342319436,0
2642-MAWLJ,0.011678370274455948,0
1767-TGTKO,0.516974787555025,1
3855-ONCAR,0.6447333910475923,1
5846-QFDFI,0.27766951235862025,0
8871-JLMHM,0.04489797522218091,0
4706-DGAHW,0.6025287271922379,1
6956-SMUCM,0.5627287894503352,1
3452-SRFEG,0.2520507543586599,0
6827-IEAUQ,0.06764725561992646,0
0280-XJGEX,0.3300811523436591,0
4210-QFJMF,0.7438995235903493,1
3506-LCJDC,0.27459281983558514,0
6919-ELBGL,0.05575572312902868,0
3088-LHEFH,0.5059945560825606,1
5998-DZLYR,0.055363276383819784,0
2703-AMTUL,0.056411281593642074,0
4636-JGAAI,0.36509473325357067,0
5016-ETTFF,0.3587669982696534,0
9367-TCUYN,0.15370839214757093,0
4464-JCOLN,0.17943597490907698,0
4853-OITSN,0.6578067115518715,1
5947-SGKCL,0.5294641940321998,1
6522-YRBXD,0.411954444881879,0
3085-QUOZK,0.48916626910906175,0
2626-VEEWG,0.0014890290780366642,0
3512-IZIKN,0.007340994565361789,0
0310-SUCIN,0.01952925088819538,0
0853-NWIFK,0.2594468439766467,0
8042-RNLKO,0.0038168496792811615,0
3797-FKOGQ,0.6910249975275601,1
3724-UCSHY,0.2143859083491153,0
5804-JMYIO,0.009519187941645035,0
2207-NHRJK,0.5498576944400723,1
7140-ADSMJ,0.19256019179714406,0
5583-SXDAG,0.7676992678986181,1
0322-YINQP,0.39865467092420026,0
3378-AJRAO,0.022461612346311235,0
9822-WMWVG,0.3087597312847662,0
0513-RBGPE,0.02551868956862443,0
9912-GVSEQ,0.5476039668953379,1
1345-ZUKID,0.09231167152631158,0
8639-NHQEI,0.04833138252526988,0
4223-BKEOR,0.14080086969717578,0
9957-YODKZ,0.7271457641026097,1
3746-EUBYR,0.6731674463768049,1
9261-WDCAF,0.4620201643955847,0
4236-UJPWO,0.5983621686184275,1
5014-GSOUQ,0.05081998901471117,0
9174-IHETN,0.0830097667137368,0
7982-VCELR,0.39254646483185374,0
4104-PVRPS,0.1236507523390398,0
3027-YNWZU,0.0021420835392604947,0
6351-SCJKT,0.28160090580505026,0
4702-HDRKD,0.00914485651931064,0
5650-YLIBA,0.49427070418032204,0
5249-QYHEX,0.009947753932982707,0
7963-SHNDT,0.006243836188155573,0
7216-KAOID,0.016286270098636833,0
7013-PSXHK,0.08170986460241131,0
4667-QONEA,0.02074945676873993,0
4878-BUNFV,0.007845361178956232,0
8107-RZLNV,0.08758309011422095,0
5569-OUICF,0.39008765656282945,0
5960-MVTUK,0.47755181931577995,0
5196-SGOAK,0.7269530581476997,1
2019-HDCZY,0.1646684709109897,0
0015-UOCOJ,0.4361198662062634,0
7114-AEOZE,0.0023388942167382916,0
1619-YWUBB,0.0016053965960759727,0
6377-WHAOX,0.4025460011324597,0
7395-IGJOS,0.5298733239323904,1
5159-YFPKQ,0.7593000170126185,1
6701-YVNQG,0.010466686352723412,0
4195-NZGTA,0.6134721583147466,1
6483-OATDN,0.31692369004119675,0
2275-RBYQS,0.48833233670567616,0
7480-SPLEF,0.0016259127729355222,0
2057-BOYKM,0.030200462670585928,0
6047-SUHPR,0.08347948938584045,0
6504-VBLFL,0.019479310280498333,0
7005-CCBKV,0.6936376974599775,1
0531-ZZJWQ,0.28648312698404993,0
2150-OEGBV,0.040829086368738436,0
5299-SJCZT,0.6474300121818404,1
6772-WFQRD,0.018006857172615073,0
3795-CAWEX,0.06273635734002127,0
3177-LASXD,0.7671446684825262,1
5057-LCOUI,0.18282660536832285,0
9651-GTSAQ,0.1844373651171204,0
0253-ZTEOB,0.04284177450541585,0
4627-MIHJH,0.05991415439827717,0
6937-GCDGQ,0.14131631886358192,0
4208-UFFGW,0.4746684083873872,0
4391-RESHN,0.43854424313868656,0
6258-NGCNG,0.20415182124620873,0
6481-ESCNL,0.48397273827476356,0
4598-XLKNJ,0.5796065146242109,1
3538-WZPHD,0.5304430334531639,1
7341-LXCAF,0.7447797403592578,1
8904-OPDCK,0.03373882476715686,0
1459-QNFQT,0.005479756369612625,0
5840-NVDCG,0.05462402105336584,0
2592-HODOV,0.09600524515181548,0
5766-FTRTS,0.009259913768220388,0
2159-TURXX,0.22481359364560036,0
9577-WJVCQ,0.024445558180138622,0
7593-XFKDI,0.4878147558599387,0
9591-YVTEB,0.04644625152456382,0
5334-AFQJB,0.0012935032927180044,0
8208-EUMTE,0.05147324009140218,0
8041-TMEID,0.09015132600576606,0
4121-AGSIN,0.006337577411568948,0
5448-VWNAM,0.14025985568485191,0
4302-ZYFEL,0.002655451799771621,0
1091-SOZGA,0.22005295107160205,0
6682-VCIXC,0.025117147177183226,0
4039-HEUNW,0.48885514482254955,0
6319-IEJWJ,0.6353311835505453,1
0643-OKLRP,0.31145364852204743,0
1984-GPTEH,0.09035021210810759,0
5248-YGIJN,0.010780569239823092,0
8016-ZMGMO,0.03303842519916605,0
9648-BCHKM,0.03894560568012184,0
5939-SXWHM,0.006048287843364594,0
5480-XTFFL,0.01678664981250539,0
8747-UDCOI,0.0017650632818102263,0
5574-NXZIU,0.06252007261216974,0
8219-VYBVI,0.010611196346149892,0
3276-HDUEG,0.6729395267773467,1
3197-ARFOY,0.3231409390698771,0
3315-TOTBP,0.5466252498037774,1
0795-GMVQO,0.14516208988121868,0
5067-DGXLL,0.26117933042480307,0
7113-HIPFI,0.005812717244372352,0
1051-GEJLJ,0.26068439604619587,0
5439-WIKXB,0.44776367349675217,0
7088-FBAWU,0.21169581103047463,0
3211-ILJTT,0.5231425402826841,1
6849-OYAMU,0.2871868320109989,0
5245-VDBUR,0.022529047419958346,0
3034-ZBEQN,0.029636607906744914,0
7799-LGRDP,0.008589562708613281,0
6870-ZWMNX,0.010683405835195071,0
1830-GGFNM,0.035259858407791334,0
6010-DDPPW,0.0016245969718283262,0
7184-LRUUR,0.1572671470803853,0
6169-PPETC,0.01284349069652357,0
3585-YNADK,0.03515010108582541,0
1334-PDUKM,0.09807627415655318,0
0727-IWKVK,0.6671232455482365,1
1052-QJIBV,0.0011616944720944727,0
9313-QOLTZ,0.06759539256609386,0
5016-IBERQ,0.5590607934117721,1
7892-POOKP,0.5308519083952234,1
4186-ZBUEW,0.06650098452096233,0
4819-HJPIW,0.25631755214599483,0
8634-MPHTR,0.509092407909719,1
8622-ZLFKO,0.685052002751113,1
2017-CCBLH,0.069226796401071,0
5760-WRAHC,0.14991004338599823,0
3845-FXCYS,0.35921782551099124,0
1971-DTCZB,0.011305878821004138,0
0455-ENTCR,0.017876995869834853,0
8564-LDKFL,0.28014228861297524,0
2316-ESMLS,0.1291254328545334,0
5686-CMAWK,0.42651131399788783,0
5956-YHHRX,0.6192773387550251,1
5575-GNVDE,0.07611884724397819,0
7797-EJMDP,0.24044421029198684,0
9184-GALIL,0.0322009103835466,0
2718-GAXQD,0.5632683650477976,1
4369-HTUIF,0.5429161244941292,1
3887-PBQAO,0.014600952598378033,0
8969-PRHFK,0.07261478698078366,0
4439-JMPMT,0.65162561340072,1
4102-HLENU,0.009192038676008969,0
9975-GPKZU,0.005895730327258465,0
2273-QCKXA,0.3826653682370833,0
4958-GZWIY,0.5246714473618815,1
6087-YPWHO,0.005244264276002063,0
1333-PBMXB,0.007923454575401586,0
9142-KZXOP,0.254314230023751,0
4176-FXYBO,0.3887087862220446,0
2868-MZAGQ,0.7638807736860164,1
7779-ORAEL,0.02462901846243648,0
1685-VAYJF,0.3586354044581731,0
7359-WWYJV,0.06078059193034431,0
6296-DDOOR,0.23708319344682,0
1527-SXDPN,0.08992920841993136,0
7080-TNUWP,0.12231062662444468,0
8319-QBEHW,0.1068710230152991,0
4584-LBNMK,0.014344656683172,0
4195-PNGZS,0.001569735632062102,0
1041-RXHRA,0.28959449073223,0
7989-VCQOH,0.274188849174054,0
6393-WRYZE,0.5478365176620151,1
9490-DFPMD,0.44730217040852543,0
9835-ZIITK,0.22741355677809233,0
9871-ELEYA,0.032379583851902545,0
2180-DXNEG,0.6871087835115879,1
6339-TBELP,0.041670247271423905,0
1569-TTNYJ,0.6976771685993973,1
8679-LZBMD,0.2487648133500524,0
5228-EXCET,0.6739528657611642,1
9978-HYCIN,0.1826814155957748,0
8345-MVDYC,0.025900133773272296,0
8232-UTFOZ,0.0013535439461088551,0
4821-SJHJV,0.463841881446089,0
5443-SCMKX,0.25067136268087814,0
3717-LNXKW,0.31476924622244873,0
6578-KRMAW,0.3139599910352476,0
3871-IKPYH,0.768068488713215,1
2656-FMOKZ,0.5495603364575792,1
8100-PNJMH,0.012989762114543472,0
5736-YEJAX,0.009027153969576015,0
5348-CAGXB,0.686619554792809,1
4781-ZXYGU,0.2745011347198704,0
9174-FKWZE,0.37564807219576485,0
4298-OYIFC,0.587973061839861,1
1684-FLBGS,0.16760823790449333,0
5895-QSXOD,0.6037515511044512,1
3351-NGXYI,0.3360273701509922,0
8305-VHZBZ,0.2744782164146572,0
6402-EJMWF,0.44888903137464903,0
1169-SAOCL,0.17455263860306008,0
5945-AZYHT,0.20574328497574143,0
3763-GCZHZ,0.18126690129100012,0
8646-JCOMS,0.08984992531585813,0
4976-LNFVV,0.21093505027767664,0
0468-YRPXN,0.37318561591613897,0
3331-HQDTW,0.3378671757333054,0
1845-ZLLIG,0.43520647433978193,0
4915-BFSXL,0.011612245831039536,0
8859-DZTGQ,0.014420534580698002,0
7839-NUIAA,0.05053541859678288,0
5968-HYJRZ,0.006282686998021829,0
2265-CYWIV,0.6608641607268856,1
7826-VVKWT,0.3369238629678076,0
8861-HGGKB,0.7003148172780912,1
7029-RPUAV,0.5534321471590297,1
9494-MRNYX,0.7023042774387337,1
0117-LFRMW,0.06773021224864172,0
2984-AFWNC,0.7071537677317636,1
1212-GLHMD,0.566381314783741,1
0018-NYROU,0.7381141356099503,1
1310-QRITU,0.388621579167104,0
8695-WDYEA,0.3971658152084793,0
6661-EIPZC,0.035405135882168155,0
9073-ZZIAY,0.02048280639560906,0
7746-AWNQW,0.11566875899007174,0
1400-WIVLL,0.14545004551589455,0
2219-MVUSO,0.4061256263630629,0
2475-MROZF,0.24577480672552177,0
5986-WWXDV,0.01874246278488888,0
2400-XIWIO,0.017810156307292005,0
3865-ZFZIB,0.03472100291090289,0
1934-MKPXS,0.027018599173176158,0
4011-ARPHK,0.15371644493349862,0
0870-VEMYL,0.259855426985565,0
8259-NFJTV,0.24018935920035933,0
6689-KXGBO,0.5500001143014902,1
9619-GSATL,0.06277403398467744,0
7743-EXURX,0.513465330233056,1
6502-HCJTI,0.48794894656422616,0
6328-ZPBGN,0.5915348973730317,1
6599-CEBNN,0.32043126856764187,0
5339-TJFEK,0.2965095276913282,0
0014-BMAQU,0.03625833383623186,0
8123-QBNAZ,0.36407680758225736,0
6877-TJMBR,0.676586906118695,1
5143-EGQFK,0.37195879572347273,0
3207-OYBWH,0.2506145336574323,0
0298-XACET,0.011485901261068755,0
7950-XWOVN,0.3079716535884587,0
1536-HBSWP,0.4955063015935822,0
4489-SNOJF,0.14775621846381898,0
3890-RTCMS,0.22413905019145394,0
1159-WFSGR,0.18252798228861677,0
8990-YOZLV,0.005880601277007894,0
8048-DSDFQ,0.2744782164146572,0
0274-JKUJR,0.291363735658958,0
3727-OVPRY,0.0038438482610067327,0
0613-WUXUM,0.0012584615273206774,0
7339-POGZN,0.5641166578824717,1
8690-ZVLCL,0.013211260451927187,0
5663-QBGIS,0.0664610161879778,0
6122-LJADA,0.01173225398468043,0
8640-SDGKB,0.4529398573304274,0
1240-HCBOH,0.0018570976620850275,0
1215-VFYVK,0.27209980764564906,0
8184-WMOFI,0.022355582856517422,0
2277-AXSDC,0.029171229471331425,0
8727-JQFHV,0.002922043682540613,0
9728-FTTVZ,0.7680274844148922,1
3002-WQZWT,0.5062137569105297,1
7446-YPODE,0.2502329311521138,0
5712-PTIWW,0.6704269584764037,1
1049-FYSYG,0.24302840811459017,0
3569-JFODW,0.012392264736522374,0
1735-XMJVH,0.19227871263022464,0
3084-DOWLE,0.0113056789725724,0
4304-TSPVK,0.06278623768033394,0
5405-ZMYXQ,0.6057726401630481,1
5375-XLDOF,0.053785160232339174,0
9904-EHEVJ,0.4359696201148792,0
6407-GSJNL,0.004943878069190587,0
9373-WSLOY,0.14227043339376427,0
1925-GMVBW,0.22461749626726168,0
8676-TRMJS,0.6541215391244833,1
1131-QQZEB,0.0013765100362593261,0
3082-YVEKW,0.05314864627393302,0
8149-RSOUN,0.7577660091009948,1
6156-UZDLF,0.20343245146226172,0
3091-FYHKI,0.6078905777986042,1
3566-VVORZ,0.34247519926053555,0
4524-QCSSM,0.12505766366432028,0
9602-WCXPI,0.00909314762646105,0
2578-JQPHZ,0.11652512887907035,0
2931-FSOHN,0.4095500879126115,0
0829-XXPLX,0.44665424358328876,0
6620-JDYNW,0.23529531855060173,0
1866-DIOQZ,0.010447459611704258,0
9526-JAWYF,0.5446318929525961,1
9862-KJTYK,0.2503528343265266,0
1207-BLKSA,0.004532207767104066,0
5777-ZPQNC,0.15368679146315956,0
6022-KOUQO,0.3774560926198734,0
9129-UXERG,0.40042644396924987,0
3716-UVSPD,0.495851526156216,0
3283-WCWXT,0.07902044338267916,0
0616-ATFGB,0.6135813088390509,1
2696-NARTR,0.6066135102518169,1
5135-GRQJV,0.059541972015347396,0
4785-FCIFB,0.0024770145606930263,0
8215-NGSPE,0.007879201959620033,0
3627-FCRDW,0.7085365680092139,1
2293-IJWPS,0.2484378729568425,0
4194-WHFCB,0.1684107183850362,0
3404-JNXAX,0.2654600331964022,0
2696-ECXKC,0.17033163378448204,0
1564-NTYXF,0.6862695083659198,1
8812-ZRHFP,0.42764817320208676,0
0970-QXPXW,0.2747303831872276,0
5215-LNLDJ,0.517384414682106,1
4039-PIMHX,0.02021008843928001,0
8096-LOIST,0.38822340321928805,0
1525-LNLOJ,0.01622909246114499,0
9795-NREXC,0.01567627432708152,0
7581-EBBOU,0.026573163315256398,0
0637-KVDLV,0.7590977965911455,1
0516-QREYC,0.07586746586538744,0
6103-BOCOU,0.5831474082918914,1
4522-AKYLR,0.40604895004369124,0
7623-HKYRK,0.2133598808350918,0
2061-VVFST,0.035155149964998626,0
1448-CYWKC,0.21803710062791257,0
1016-DJTSV,0.7145643796491485,1
0530-IJVDB,0.08528804133528173,0
6419-ZTTLE,0.08083400620123639,0
5793-YOLJN,0.003550568647130283,0
4895-TMWIR,0.16331273887923856,0
2478-EEWWM,0.0647864512476224,0
1264-BYWMS,0.4122784621146719,0
5748-RNCJT,0.07977847223603804,0
0961-ZWLVI,0.19262536787081486,0
2486-WYVVE,0.10942876608235991,0
5204-QZXPU,0.3565958384598094,0
9895-VFOXH,0.5004139807663279,1
5702-KVQRD,0.017509857469091155,0
2746-DIJLO,0.06703113863760238,0
5537-UXXVS,0.09661552751431718,0
3370-GQEAL,0.5444215891767745,1
9585-KKMFD,0.008695734240557728,0
6339-RZCBJ,0.026173694561887995,0
4526-ZJJTM,0.4314283916581007,0
7074-IEVOJ,0.7072395622463611,1
5949-EBSQK,0.34296435598636754,0
1363-TXLSL,0.7675761032388854,1
6619-RPLQZ,0.006453713133072248,0
0181-RITDD,0.060547724947114176,0
2072-ZVJJX,0.0016983465593528254,0
5897-ZYEKH,0.1962352210951626,0
3058-WQDRE,0.3190716906193421,0
2408-PSJVE,0.07333974932103499,0
8947-YRTDV,0.23331201959990597,0
5419-JPRRN,0.7545406488680707,1
6142-VSJQO,0.48893621257038633,0
9122-UMROB,0.2744323833731035,0
3298-QEICA,0.03774763245174263,0
4879-GZLFH,0.4840246068551715,0
9448-REEVD,0.4887349169402735,0
6400-BWQKW,0.649431888356563,1
8580-QVLOC,0.011100641193919831,0
8875-AKBYH,0.6354670794182976,1
0883-EIBTI,0.2610739149504804,0
6671-NGWON,0.2037505617100718,0
8627-EHGIP,0.054729041569067424,0
2027-DNKIV,0.04768181431454822,0
2692-PFYTJ,0.27194169245833905,0
3892-NXAZG,0.058413873772974946,0
6408-OTUBZ,0.08435462627405038,0
3623-FQBOX,0.0917323925022663,0
5590-YRFJT,0.32079636910826126,0
7075-BNDVQ,0.36419084727237055,0
1494-EJZDW,0.062316029017306034,0
5124-EOGYE,0.016325434456194842,0
0696-UKTOX,0.21944703195407922,0
6637-KYRCV,0.5028922739082835,1
4229-CZMLL,0.7316799235107518,1
2189-UXTKY,0.23148737156163865,0
1409-PHXTF,0.1547163655847167,0
6527-PZFPV,0.04845894840657456,0
0480-BIXDE,0.6446916477139707,1
9560-ARGQJ,0.6571753483397271,1
1343-EHPYB,0.37319688687081143,0
3873-WOSBC,0.001883617369626823,0
1194-SPVSP,0.2747303831872276,0
0258-NOKBL,0.70747658131396,1
9117-SHLZX,0.48815980692234334,0
0354-WYROK,0.46104318254004173,0
3494-JCHRQ,0.7676787436166561,1
4154-AQUGT,0.4245326858095894,0
0411-EZJZE,0.5707490616144137,1
2603-HVKCG,0.5434711788236374,1
1205-WNWPJ,0.314596375258272,0
4816-LXZYW,0.5261329198282123,1
8908-NMQTX,0.004676478362861107,0
7666-WKRON,0.15157152004500182,0
5394-MEITZ,0.019065875007327118,0
0731-EBJQB,0.012991251994558615,0
9680-NIAUV,0.08125719697158026,0
9134-WYRVP,0.13766544349587836,0
5382-SOYZL,0.6420391346676594,1
9356-AXGMP,0.31139022843344966,0
4323-ELYYB,0.09405132686815935,0
1996-DBMUS,0.2517920488550483,0
2582-FFFZR,0.3368339466275923,0
5229-DTFYB,0.09897853086761692,0
9866-QEVEE,0.5143731569104576,1
7905-NJMXS,0.29733356935388305,0
2796-NNUFI,0.006105019873089422,0
1450-SKCVI,0.23671463953514452,0
9337-SRRNI,0.0019231412956573779,0
8229-BUJHX,0.001221990706932905,0
7161-DFHUF,0.0013197155046609788,0
9894-EZEWG,0.6271966452033433,1
2568-BRGYX,0.7410450821680178,1
7206-PQBBZ,0.6942955017770638,1
3108-PCCGG,0.01316576606373141,0
8645-KWHJO,0.341510622868355,0
7065-YUNRY,0.48838984725326046,0
2143-LJULT,0.0018369160293176846,0
9488-FVZCC,0.0077951253968610145,0
9614-RMGHA,0.19233833982351178,0
0114-IGABW,0.005945892733661108,0
0691-JVSYA,0.21696119104291972,0
0134-XWXCE,0.06434015500041518,0
6762-QVYJO,0.010437271936448028,0
7207-RMRDB,0.3814694251028604,0
2691-NZETQ,0.7091931341365754,1
9506-UXUSK,0.6720095600498032,1
5968-VXZLG,0.4738599996608363,0
0336-PIKEI,0.006799358241898811,0
7978-DKUQH,0.557072303080263,1
1855-CFULU,0.23797192746278892,0
6474-FVJLC,0.754469010788453,1
2911-WDXMV,0.521323195907415,1
2164-SOQXL,0.09778344194416064,0
4979-HPRFL,0.0035933740578464094,0
0744-BIKKF,0.010129534522526415,0
9306-CPCBC,0.7506624080094951,1
5498-TXHLF,0.513043470256175,1
7639-LIAYI,0.020798126345783485,0
4282-YMKNA,0.7099123001901002,1
5294-CDGWY,0.04886144831679289,0
6621-YOBKI,0.22442066493091145,0
0678-RLHVP,0.20023572849484678,0
8614-VGMMV,0.4159124124290955,0
9513-DXHDA,0.13811440618742044,0
5027-XWQHA,0.5376600406795359,1
1704-NRWYE,0.7110704727010316,1
4227-OJHAL,0.024660009907409818,0
5378-IKEEG,0.6077259780502434,1
0027-KWYKW,0.5943827096872091,1
7694-VLBWQ,0.2526277152240035,0
6648-INWPS,0.18414153132982805,0
1591-XWLGB,0.0011515297102149507,0
3508-VLHCZ,0.010881001604366416,0
8752-GHJFU,0.08584925219844146,0
1142-IHLOO,0.2017139609562719,0
5835-BEQEU,0.7509548178213061,1
1336-EZFZY,0.2372263387194433,0
7710-JSYOA,0.04345950778357589,0
1360-JYXKQ,0.24754350402864841,0
5371-VYLSX,0.25203957062265636,0
9534-NSXEM,0.04455167148928345,0
1035-IPQPU,0.35865002481588704,0
8705-WZCYL,0.60274919508675,1
4868-AADLV,0.19652409872323576,0
3870-MQAMG,0.24674607313822047,0
6960-HVYXR,0.765227330642892,1
1320-HTRDR,0.7509792242389765,1
6946-LMSQS,0.3875439437917671,0
1092-WPIVQ,0.03809642767366777,0
4910-GMJOT,0.7574490030627916,1
7580-UGXNC,0.33631693612434094,0
2460-FPSYH,0.10926571417047574,0
0815-MFZGM,0.11989520711621468,0
3589-PPVKW,0.37764625874021374,0
0704-VCUMB,0.0023363588840737723,0
0657-DOGUM,0.031028594909297443,0
3284-SVCRO,0.0071456820766233956,0
3451-VAWLI,0.012687534138635227,0
6461-SZMCV,0.011673242038367001,0
4324-AHJKS,0.35239710977729544,0
2676-ISHSF,0.2744323833731035,0
4877-TSOFF,0.027293079114748594,0
6917-YACBP,0.2513018227878757,0
5196-WPYOW,0.01016382130992366,0
7765-LWVVH,0.07098100682812471,0
6199-IWKGC,0.2991248607030132,0
6368-TZZDT,0.08984436367251995,0
1867-TJHTS,0.14972148540074035,0
8902-ZEOVF,0.011189336682772975,0
0254-WWRKD,0.01702831148948975,0
5084-OOVCJ,0.16381367416143858,0
5236-PERKL,0.10584101681388347,0
4397-FRLTA,0.23728521796202315,0
4060-LDNLU,0.7217406009629589,1
0023-XUOPT,0.6434550390628255,1
1010-DIAUQ,0.6382710100516734,1
9249-FXSCK,0.1450414143347325,0
5709-LVOEQ,0.14073705641810424,0
1557-EMYVT,0.09188410679670023,0
9046-DQMTP,0.0392961731344413,0
3813-DHBBB,0.004207390872310288,0
9054-FOWNV,0.6134716009310578,1
7893-IXHRQ,0.37505445120806946,0
8780-YRMTT,0.003854634934478401,0
6121-VZNQB,0.2749826938230449,0
3896-RCYYE,0.023467075558164765,0
5243-SAOTC,0.19957992478869566,0
8996-ZROXE,0.03692863710830604,0
3823-KYNQY,0.10231826372300018,0
5321-NTRKC,0.021327755296922598,0
5673-FSSMF,0.5942596036022093,1
8022-BECSI,0.05490577850648402,0
1184-PJVDB,0.7068944118855575,1
6732-FZUGP,0.20121350939493127,0
4455-BFSPD,0.16327132987201182,0
2649-HWLYB,0.0113037484095996,0
3865-QBWSJ,0.28779225719981344,0
8075-GXIUB,0.12149895367450525,0
7421-ZLUPA,0.3440733358871869,0
5286-YHCVC,0.08413835617900156,0
1728-CXQBE,0.3031508249309105,0
7925-PNRGI,0.06223837029516489,0
9778-OGKQZ,0.013181675943332166,0
9308-ANMVE,0.08672653095495338,0
0195-IESCP,0.7036027615356754,1
3620-EHIMZ,0.004092731186443422,0
3195-TQDZX,0.3449664113669868,0
3804-RVTGV,0.31139547586371524,0
1641-BYBTK,0.21200018051254593,0
0567-GGCAC,0.39001950605478153,0
2027-OAQQC,0.09741040048016418,0
8854-CCVSQ,0.5907629313439353,1
9761-XUJWD,0.2921159768627066,0
7998-WNZEM,0.008577801661465309,0
8111-RKSPX,0.6496958091882399,1
1852-XEMDW,0.1734329306414496,0
8573-CGOCC,0.12205593098219224,0
8402-OOOHJ,0.008488125873952474,0
8400-WZICQ,0.06164727339175202,0
6522-OIQSX,0.008809363067580745,0
2896-TBNBE,0.28110188209449954,0
3604-WLABM,0.3904069858275431,0
9447-YPTBX,0.008893834688325197,0
2155-AMQRX,0.1402468274408692,0
5465-BUBFA,0.008256497520387372,0
7739-LAXOG,0.44338698578642066,0
4192-GORJT,0.7385905555024377,1
1707-HABPF,0.2001524927407216,0
0618-XWMSS,0.33572943783990183,0
6048-QBXKL,0.4206070017934867,0
5119-KEPFY,0.42617246316945784,0
9153-BTBVV,0.0013702517613294347,0
4283-FUTGF,0.6239495114416287,1
5119-NZPTV,0.7604590479145871,1
9752-ZNQUT,0.5511107061944104,1
9494-BDNNC,0.2023843914158269,0
3969-JQABI,0.04283042980150314,0
4925-LMHOK,0.21027202141609425,0
7021-XSNYE,0.08948432431152542,0
4815-GBTCD,0.5675154822746759,1
6839-ITVZJ,0.20419310959906053,0
4701-AHWMW,0.04219993830311876,0
0867-MKZVY,0.5316772223160343,1
3594-BDSOA,0.04881819874451679,0
6024-RUGGH,0.0012990241193905467,0
8099-MZPUJ,0.08431987782121099,0
3988-RQIXO,0.7588417197767342,1
4501-UYKBC,0.05628016732821528,0
3950-VPYJB,0.016931813353215443,0
6823-SIDFQ,0.03762830272086987,0
9968-FFVVH,0.014206650657405869,0
4323-OHFOW,0.10675667174479772,0
5129-JLPIS,0.4528558882110973,0
6116-RFVHN,0.5716693362605206,1
5167-ZFFMM,0.6182475107018435,1
4529-CKBCL,0.7556676663465008,1
0270-THENM,0.006048772757588794,0
4132-KALRO,0.5402729134707585,1
2270-CHBFN,0.17130382698996044,0
8245-UMPYT,0.6777358222530736,1
9089-UOWJG,0.3615258870671044,0
5930-GBIWP,0.009206477067961542,0
9798-OPFEM,0.009675208738648565,0
9906-NHHVC,0.010526113452217368,0
7691-XVTZH,0.06953681038764498,0
7182-OVLBJ,0.10059671482790405,0
1386-ZIKUV,0.20274712622333774,0
7272-QDCKA,0.42434223021744844,0
5293-WXJAK,0.497712025484423,0
4906-ZHGPK,0.05149329653716992,0
3798-EPWRR,0.5899115460717295,1
5087-SUURX,0.36714526549066284,0
6738-ISCBM,0.07527475330761645,0
8844-TONUD,0.5738045351816434,1
6266-QHOJZ,0.09305137278798192,0
4213-HKBJO,0.015206154597799094,0
7952-OBOYL,0.5474093648265278,1
2542-HYGIQ,0.27459281983558514,0
1297-VQDRP,0.15703268571892648,0
1077-HUUJM,0.7189654742126429,1
5287-QWLKY,0.18634321456979597,0
1935-IMVBB,0.26113191706178307,0
3709-OIJEA,0.31252169272967767,0
4001-TSBTV,0.34162346253807335,0
2604-IJPDU,0.40544474297938393,0
3791-LGQCY,0.3319048325900345,0
5828-DWPIL,0.22153174489779753,0
2320-TZRRH,0.06279574767534894,0
7883-ROJOC,0.266304753582602,0
3373-YZZYM,0.27493680846498086,0
0619-OLYUR,0.06409654645727969,0
4248-QPAVC,0.4549934811346714,0
0269-XFESX,0.05332822618351574,0
5202-IVJNU,0.08737947354235619,0
4918-QLLIW,0.4628420871671313,0
5365-LLFYV,0.4766142160414843,0
9462-MJUAW,0.4483058793315328,0
4183-MYFRB,0.5793455437238566,1
9586-JGQKH,0.07277988823335044,0
6103-LIANB,0.11995840712990208,0
4990-ALDGW,0.002915650093971224,0
9776-OJUZI,0.21377033271711593,0
5386-THSLQ,0.015218909463169922,0
3745-HRPHI,0.00828381936153736,0
2740-TVLFN,0.5997970178078579,1
4359-INNWN,0.07520913482608928,0
8778-LMWTJ,0.6314264318360605,1
5232-NXPAY,0.030566666442493083,0
6900-RBKER,0.11099998311914383,0
1640-PLFMP,0.7675966338434375,1
7881-EVUAD,0.45036474622725137,0
3402-XRIUO,0.11883016232598355,0
8007-YYPWD,0.04607075828603835,0
3500-RMZLT,0.3773506124426523,0
6719-FGEDO,0.034535748042747706,0
0107-YHINA,0.7552646198227222,1
2878-RMWXY,0.06309090106644136,0
0930-EHUZA,0.04893679548480446,0
3317-VLGQT,0.6715461128105827,1
9659-QEQSY,0.32957556756325007,0
7020-OZKXZ,0.5976478140671551,1
1265-HVPZB,0.027043633127991785,0
5318-YKDPV,0.029471499629127908,0
0203-HHYIJ,0.04918742670984055,0
6322-HRPFA,0.03753676052383847,0
6304-IJFSQ,0.40812912827828574,0
4800-VHZKI,0.2746157440879333,0
4145-UQXUQ,0.7179116544540285,1
5599-HVLTW,0.553337912481764,1
6942-LBFDP,0.2607052840130817,0
5229-PRWKT,0.7128261498830479,1
0402-OAMEN,0.00124411193391748,0
6950-TWMYB,0.05015506870699778,0
9800-OUIGR,0.0016782891542134956,0
0307-BCOPK,0.08046114474536435,0
8845-LWKGE,0.14570667142768706,0
4806-DXQCE,0.07909718455735036,0
2639-UGMAZ,0.018130185693788586,0
4614-NUVZD,0.7631118926568321,1
2236-HILPA,0.002098366827787776,0
6353-BRMMA,0.24257178403334562,0
6664-FPDAC,0.2675360848929326,0
4710-NKCAW,0.2226099034434163,0
4342-HFXWS,0.030844284469243217,0
3063-QFSZL,0.5968929579691175,1
9470-RTWDV,0.12716367790578048,0
5515-AKOAJ,0.3471363257520745,0
9489-UTFKA,0.3265106912056515,0
5311-IHLEI,0.16806582819440066,0
5666-MBJPT,0.0021302576633196557,0
1338-CECEE,0.08113020557092585,0
6635-MYYYZ,0.07081501806883364,0
0224-NIJLP,0.06998117795194558,0
5027-QPKTE,0.7177288825534415,1
5989-AXPUC,0.06663452906631197,0
7426-WEIJX,0.22060706362598967,0
5297-MDOIR,0.09538416650786646,0
7249-WBIYX,0.6990120369364828,1
5760-IFJOZ,0.5973589579494417,1
9258-CNWAC,0.05926553137598321,0
3199-XGZCY,0.7117756891474625,1
7695-PKLCZ,0.0014770313570692992,0
4106-HADHQ,0.06231070804270266,0
7996-BPXHY,0.05232135043545179,0
9385-EHGDO,0.012738982942152522,0
9135-MGVPY,0.0107385499780055,0
5701-GUXDC,0.09218387958405976,0
2773-MADBQ,0.01921103700356278,0
7564-GHCVB,0.033970905824171393,0
0524-IAVZO,0.5590096081240041,1
4693-VWVBO,0.34536482253132345,0
8565-CLBZW,0.49645577226102316,0
6961-VCPMC,0.38421628340732766,0
0422-OHQHQ,0.08473069715295,0
5640-CAXOA,0.07134631512121507,0
7136-IHZJA,0.06570140745876529,0
3696-XRIEN,0.045130736175939566,0
8999-BOHSE,0.6013006031416275,1
3537-RYBHH,0.07251871076166319,0
6599-RCLCJ,0.3802555781720667,0
4923-ADWXJ,0.15052116142223895,0
6218-KNUBD,0.4876026654444405,0
2595-KIWPV,0.02068482948291424,0
3621-CHYVB,0.023720901835443876,0
5656-MJEFC,0.01620338293598476,0
1094-BKOSX,0.03241924251989536,0
4836-WNFNO,0.001333148296755561,0
1623-NLDOT,0.02839954182517401,0
6621-NRZAK,0.001939489486861461,0
2481-SBOYW,0.002575132505129259,0
3549-ZTMNH,0.05470855057983713,0
4588-YBNIB,0.27475331457418184,0
7315-WYOAW,0.5989040093871366,1
2884-GBPFB,0.4484707919933969,0
0410-IPFTY,0.3832541066670619,0
1813-JYWTO,0.03395631539549774,0
3973-SKMLN,0.0011372261416089178,0
5447-VYTKW,0.10790572362447914,0
3680-CTHUH,0.13878661686354954,0
7277-KAMWT,0.051420708971662295,0
6475-VHUIZ,0.247488594956642,0
2636-ALXXZ,0.7678634166280114,1
5307-UVGNB,0.03440185098378088,0
1661-CZBAU,0.04128226636879217,0
4274-OWWYO,0.727569388890252,1
8080-DDEMJ,0.6025838480714938,1
8540-ZQGEA,0.00363739058414213,0
4795-KTRTH,0.6920067183479727,1
6305-YLBMM,0.11811895314238638,0
7245-NIIWQ,0.7519837029937096,1
9967-ATRFS,0.10293321304462329,0
5931-FLJJF,0.6170853105728521,1
9921-QFQUL,0.5000997697728963,1
7721-DVEKZ,0.2747303831872276,0
9415-ZNBSX,0.012104173449783139,0
8249-THVEC,0.008487201516298695,0
3154-CFSZG,0.33999484406233427,0
2378-HTWFW,0.3321424240040992,0
5998-VVEJY,0.46517518847147804,0
7820-ZYGNY,0.13966651412437767,0
8118-LSUEL,0.6071798907896621,1
9938-EKRGF,0.17119818602965023,0
2672-HUYVI,0.7211898299245791,1
5871-DGTXZ,0.028932928738493003,0
7649-SIJJF,0.00807738700333897,0
8695-ARGXZ,0.46479707864547437,0
6582-PLFUU,0.004536153403844446,0
4056-QHXHZ,0.05125671229088019,0
4009-ALQFH,0.5609197314027257,1
6765-MBQNU,0.045833331449164585,0
4611-ANLQC,0.02461564651110526,0
4480-QQRHC,0.6123030123939259,1
0854-UYHZD,0.051404721407969055,0
1078-TDCRN,0.5300667635148861,1
8203-XJZRC,0.2744552992990485,0
4450-YOOHP,0.11786588610968596,0
5220-AGAAX,0.001650272662799319,0
8051-HJRLT,0.7674734312495993,1
1936-UAFEH,0.04856537946354655,0
3638-WEABW,0.011448200879427115,0
9053-EJUNL,0.4259050068159063,0
3258-SYSWS,0.04727974802397167,0
5201-CBWYG,0.004628126663473179,0
8780-RSYYU,0.07334449520618481,0
6345-ULYRW,0.20868730555850823,0
6210-KBBPI,0.5665633504354065,1
5561-NWEVX,0.7586722240776349,1
4658-HCOHW,0.4964999518029425,0
3132-TVFDZ,0.07132911636962151,0
8350-NYMVI,0.05908280322532856,0
3556-BVQGL,0.06310918746970182,0
9940-HPQPG,0.4763279579952304,0
3199-NPKCN,0.19089038250474938,0
4316-XCSLJ,0.22618172126747318,0
0794-YVSGE,0.0010775756095011335,0
5896-NPFWW,0.577390142718218,1
9873-MNDKV,0.3566985550196859,0
2302-ANTDP,0.3132222334283405,0
3704-IEAXF,0.004655586387461221,0
2359-QWQUL,0.18794137848920664,0
4299-SIMNS,0.6362598154214526,1
9391-TTOYH,0.08193260296177758,0
4010-YLMVT,0.23640892987341286,0
9681-OXGVC,0.7368587373532188,1
5012-YSPJJ,0.12257424839253556,0
8970-ANWXO,0.1370757562200818,0
1074-WVEVG,0.005293671240661629,0
6696-YDAYZ,0.041751079981539624,0
8033-VCZGH,0.297550298083728,0
5198-HQAEN,0.270872033103008,0
7995-ZHHNZ,0.05461405093981047,0
8980-WQFWL,0.23467375424693016,0
7251-XFOIL,0.2418667608480467,0
4583-PARNH,0.5776286943240868,1
9867-JCZSP,0.07793929795653824,0
3985-HOYPM,0.043216729748678795,0
6015-VVHHE,0.641493752294918,1
8922-LIEGH,0.5450621373445477,1
8883-GRDWQ,0.09387939259325269,0
0577-WHMEV,0.5237384412133064,1
3842-QTGDL,0.40942351339223354,0
4023-RTIQM,0.0685633048480983,0
7771-CFQRQ,0.020154026941357282,0
8573-JGCZW,0.0757685912542094,0
8835-VSDSE,0.7601337351591432,1
2615-YVMYX,0.28193238625392064,0
5339-PXDVH,0.6687461475677141,1
3387-PLKUI,0.14625686668369386,0
7853-WNZSY,0.27468452398023635,0
4430-UZIPO,0.3166835262855573,0
4138-NAXED,0.21818031063246912,0
3133-PZNSR,0.03262254733416062,0
5795-BKOYE,0.013386838528350386,0
6892-XPFPU,0.5842844237239055,1
5567-WSELE,0.7464949420565173,1
6670-MFRPK,0.05120605682757642,0
7351-MHQVU,0.21525424721142283,0
5304-EFJLP,0.07238312563083074,0
4007-NHVHI,0.2643633853240981,0
9896-UYMIE,0.10845691517337985,0
3744-ZBHON,0.34551185684413394,0
7850-VWJUU,0.3896489446156363,0
6032-IGALN,0.5000111887717881,1
1293-HHSHJ,0.024651441720664597,0
5842-POCOP,0.5529658243368271,1
5442-BHQNG,0.7601102658904137,1
3452-FLHYD,0.045608471372279316,0
5575-TPIZQ,0.27047159781926844,0
4900-MSOMT,0.007987310196297948,0
4059-IIEBK,0.5691611121379107,1
5569-IDSEY,0.16275940352859083,0
1427-VERSM,0.3397482795469987,0
2190-BCXEC,0.24270808094467952,0
1544-JJMYL,0.08296950168227661,0
6542-LWGXJ,0.46879656086830024,0
2242-MFOTG,0.21614593149414207,0
4361-JEIVL,0.6029696212736292,1
9140-CZQZZ,0.009794344423048232,0
6447-GORXK,0.13056866408853385,0
2954-PIBKO,0.00616318255980731,0
6574-MCOEH,0.1465222338708749,0
6386-SZZKH,0.10255502787380025,0
2284-VFLKH,0.18926471549979956,0
6234-PFPXL,0.34886609657991385,0
3891-NLXJB,0.014322669459549074,0
0392-BZIUW,0.07715611012235726,0
6885-PKOAM,0.010943282717255844,0
6458-CYIDZ,0.6117813213810832,1
6051-PTVNS,0.006280024583050765,0
5268-DSMNQ,0.15355872538044127,0
3969-GYXEL,0.6101048322763765,1
2004-OCQXK,0.7627580446411987,1
2018-QKYGT,0.7631326959082282,1
8775-ERLNB,0.7659295596885836,1
2845-KDHVX,0.011017686306288096,0
2144-BFDSO,0.277796157499054,0
2188-SXWVT,0.06320749381255071,0
9851-KIELU,0.4766095239920313,0
3530-CRZSB,0.2040483669380021,0
3181-VTHOE,0.009895114456957604,0
8709-KRDVL,0.528836675352031,1
2001-EWBQU,0.16996302317503742,0
3387-VATUS,0.6358679202343546,1
9074-KGVOX,0.042422049869478826,0
0810-BDHAW,0.17287234457711537,0
8250-ZNGGW,0.2222569196804627,0
5047-LHVLY,0.4856009686439259,0
4980-URKXC,0.02266716189572339,0
8224-KDLKN,0.0012610076787108963,0
9633-DENPU,0.08064606907784709,0
5935-FCCNB,0.6653213298936456,1
4283-IVYCI,0.22500841286500767,0
7609-NRNCA,0.07332486304291853,0
1976-CFOCS,0.6020876666068831,1
6486-LHTMA,0.44294129817948547,0
1268-ASBGA,0.5518399956388469,1
9139-TWBAS,0.08179440339097907,0
5961-VUSRV,0.10093834298910423,0
7912-SYRQT,0.6239365517383415,1
1226-JZNKR,0.1897656135384166,0
6916-HIJSE,0.011760117099500233,0
8066-POXGX,0.43388023143236637,0
8191-XWSZG,0.007942711752328777,0
6032-KRXXO,0.5716576009184683,1
9631-XEYKE,0.45847842106148,0
2739-CACDQ,0.5467483134887321,1
0074-HDKDG,0.10262712037162644,0
3227-WLKLI,0.014845458600765136,0
3523-BRGUW,0.04278457412215783,0
5035-PGZXH,0.30484727203262096,0
5626-MGTUK,0.4478737045020065,0
9700-ISPUP,0.3400471005722578,0
9552-TGUZV,0.5315726067397196,1
6954-OOYZZ,0.2744826921433449,0
1769-GRUIK,0.6210131274005206,1
6543-CPZMK,0.4378509008812965,0
7684-XSZIY,0.0012039733305697932,0
6288-CHQJB,0.015501023548173478,0
6464-KEXXH,0.3890115305473495,0
4656-CAURT,0.00156789941577851,0
8019-ENHXU,0.35940102200494073,0
6259-WJQLC,0.40882844133276,0
1763-WQFUK,0.3578707543298569,0
9495-REDIY,0.09708992800700669,0
1134-YWTYF,0.1775394310555921,0
9992-RRAMN,0.6145290856040541,1
6139-ZZRBQ,0.0017873047609320493,0
4628-CTTLA,0.04801801958318914,0
1722-LDZJS,0.007543418656961897,0
7129-ACFOG,0.4628232866188218,0
7055-VKGDA,0.11428948042214725,0
5153-RTHKF,0.5173474383325596,1
9060-HJJRW,0.04273235468172649,0
4945-RVMTE,0.2088680174521225,0
7422-WNBTY,0.504672467502131,1
5630-IXDXV,0.45129952504891024,0
5923-GXUOC,0.5902030351034373,1
7660-HDPJV,0.7680274844148922,1
3190-XFANI,0.20046175944065522,0
6181-AXXYF,0.0013407606397707016,0
6559-RAKOZ,0.2708371565492246,0
5351-QESIO,0.5005290641175111,1
0842-IWYCP,0.08346084357118887,0
7733-UDMTP,0.07345454850133315,0
2292-XQWSV,0.049790187536284815,0
4226-KKDON,0.36294017639434173,0
6235-VDHOM,0.4997665645100398,0
3774-VBNXY,0.001859793974639495,0
2525-GVKQU,0.002293072801433779,0
6365-HITVU,0.011483902324537514,0
2523-EWWZL,0.5048043719746778,1
8739-XNIKG,0.7370984984067415,1
0958-YHXGP,0.62076132774847,1
3473-XIIIT,0.6240550293018058,1
3049-NDXFL,0.6674706826702251,1
4277-PVRAN,0.6177468144915026,1
5619-XZZKR,0.16026124962549904,0
9190-MFJLN,0.5383447699629552,1
6088-BXMRG,0.5195184246333128,1
6174-NRBTZ,0.02825766505521986,0
7173-TETGO,0.031952942717753674,0
0354-VXMJC,0.02673649854750089,0
4694-PHWFW,0.19345525200356514,0
0412-UCCNP,0.016522147766120703,0
0133-BMFZO,0.5366164931736769,1
0682-USIXD,0.5222229693248273,1
6907-FLBER,0.547862968737447,1
9391-YZEJW,0.17031165258705327,0
4654-ULTTN,0.009445216577844268,0
4013-GUXND,0.2742032895581468,0
0680-DFNNY,0.6829373133778784,1
7673-LPRNY,0.2173207443857115,0
4139-SUGLD,0.07176784958505403,0
1428-IEDPR,0.13334053457677028,0
4211-MMAZN,0.2744552992990485,0
9734-YWGEX,0.6168428694592759,1
3838-OZURD,0.2797556332699465,0
6161-ERDGD,0.04212687960923013,0
6521-YYTYI,0.7579983009806355,1
2466-FCCPT,0.06253880208754095,0
8143-ETQTI,0.027061984295684377,0
6250-CGGUN,0.12909796962531433,0
9408-SSNVZ,0.7440070500161007,1
0843-WTBXE,0.26502944771023246,0
3932-IJWDZ,0.3166505578828959,0
6595-COKXZ,0.4888786991642109,0
8659-HDIYE,0.04264436756721993,0
2982-IHMFT,0.673243401415175,1
7056-IMHCC,0.4290585912044348,0
9780-FKVVF,0.3372304451860502,0
6656-JWRQX,0.39277333340654413,0
3617-XLSGQ,0.07611418148313752,0
7359-PTSXY,0.6022255158864899,1
8779-YIQQA,0.05696215093597169,0
0388-EOPEX,0.6867241028644128,1
9444-JTXHZ,0.7651446195213156,1
2013-SGDXK,0.723006430163478,1
7493-TPUWZ,0.7253740413142378,1
5850-BDWCY,0.21414253726752353,0
0343-QLUZP,0.006475185862281984,0
2025-JKFWI,0.4844419607827141,0
8884-ADFVN,0.7246919216118839,1
7516-GMHUV,0.11571651457742176,0
5756-OZRIO,0.03231513896805531,0
3308-DGHKL,0.0013896244552450156,0
2480-JZOSN,0.2742720052070328,0
0386-CWRGM,0.006240737075469734,0
9115-YQHGA,0.12385958612575487,0
7872-BAAZR,0.007332267023719469,0
8930-XOTDP,0.30035721051574527,0
6317-YPKDH,0.4466671740575702,0
8050-WYBND,0.1626565515676619,0
3669-OYSJI,0.48787226357276986,0
4391-LNRXK,0.3743073312744535,0
0289-IVARM,0.14243050380977001,0
1596-BBVTG,0.360682458547067,0
4002-BQWPQ,0.12388966010392896,0
6743-HHQPF,0.07060134855598454,0
2091-MJTFX,0.1271338054213611,0
2111-DWYHN,0.27406589040040386,0
0281-CNTZX,0.001964903380889373,0
8313-NDOIA,0.5917845605414433,1
2996-XAUVF,0.004198793344869023,0
1009-IRMNA,0.20284629533446175,0
9046-JBFWA,0.0638184894731568,0
1550-LOAHA,0.35498087914540477,0
8069-YQQAJ,0.2670828077588375,0
6549-BTYPG,0.010318866381706728,0
4804-NCPET,0.035167095530586515,0
2080-CAZNM,0.4763460220667158,0
1958-RNRKS,0.25013963168361614,0
7409-JURKQ,0.1753187620413946,0
6663-JOCQO,0.062044809003456006,0
9163-GHAYE,0.37449299299145933,0
0742-MOABM,0.3444630756113223,0
0975-UYDTX,0.08368495654444641,0
2055-BFOCC,0.024912061702857254,0
2528-HFYZX,0.585315245562895,1
5025-GOOKI,0.09549057768583091,0
9500-IWPXQ,0.03567604537727115,0
3088-FVYWK,0.004345821944481045,0
1820-DJFPH,0.0012455391267088604,0
6777-TGHTM,0.21789559117382248,0
8439-LTUGF,0.17278622880122288,0
3858-XHYJO,0.25502857348517627,0
3308-JSGML,0.01090627014763426,0
3824-RHKVR,0.11649160385585185,0
9512-PHSMG,0.17650554635286983,0
2533-QVMSK,0.08266882608757044,0
3982-DQLUS,0.19152244577031796,0
4451-RWASJ,0.08277886503313978,0
5010-IPEAQ,0.004389332378872778,0
1403-LKLIK,0.026477611347168178,0
1396-QWFBJ,0.43848060608763295,0
2321-OMBXY,0.052061799960354836,0
6681-ZSEXG,0.019068232008465837,0
1004-NOZNR,0.14991013358873356,0
5019-GQVCR,0.44138048499954324,0
9685-WKZGT,0.6639109421368513,1
2931-VUVJN,0.11769106625056608,0
1513-XNPPH,0.5984316937767136,1
4088-YLDSU,0.2597074199754742,0
7156-MXBJE,0.06700008929679074,0
6752-APNJL,0.06836207674734554,0
9402-ROUMJ,0.09186669960571005,0
1930-QPBVZ,0.03792401448717874,0
6818-WOBHJ,0.1732919105388259,0
7750-EYXWZ,0.22815228185463063,0
6652-YFFJO,0.4847107976531338,0
6429-SHBCB,0.30948270317282184,0
0224-HJAPT,0.5488738332229806,1
7246-ZGQDF,0.4047510884358735,0
9214-EKVXR,0.48913751178875137,0
3703-VAVCL,0.5593159414534122,1
0455-XFASS,0.7521736586737412,1
3320-VEOYC,0.6774936812200826,1
6122-EFVKN,0.035267419819206385,0
7025-IWFHT,0.23843069741204895,0
8681-ICONS,0.05826185658298893,0
8734-DKSTZ,0.7035405900948115,1
1942-OQFRW,0.6031900056713165,1
9805-FILKB,0.011437004321683628,0
2560-WBWXF,0.0015175480317282338,0
2314-TNDJQ,0.0034044181546966064,0
8010-EZLOU,0.6172978016941775,1
3511-APPBJ,0.32298245862134195,0
9027-YFHQJ,0.20180989614657455,0
8414-MYSHR,0.7355172954284713,1
1814-DKOLC,0.22562340170606618,0
2506-TNFCO,0.7678839295281132,1
5071-FBJFS,0.47580703211635444,0
2408-WITXK,0.4761597443229155,0
8270-RKSAP,0.7009844810878669,1
8152-VETUR,0.06472501239104557,0
8481-YYXWG,0.6007015932947711,1
5939-XAIXZ,0.2795316265795932,0
3398-FSHON,0.6486621607426821,1
0486-LGCCH,0.058229861002903886,0
9323-HGFWY,0.2180821801152096,0
5076-YVXCM,0.25963997713574855,0
9256-JTBNZ,0.1653659976212195,0
0774-IFUVM,0.29367702159466574,0
1679-JRFBR,0.15521335652628698,0
8067-NIOYM,0.025516420553496653,0
2683-BPJSO,0.4195118195570027,0
7926-IJOOU,0.2748909278605863,0
3097-FQTVJ,0.008398333075113302,0
2079-FBMZK,0.6296768118649932,1
6506-EYCNH,0.05954096366992664,0
7587-AOVVU,0.3830346279993069,0
2674-MIAHT,0.5990141987520059,1
8775-CEBBJ,0.3843530970816186,0
2999-AANRQ,0.04598928945918817,0
4877-EVATK,0.27456989677254556,0
0722-TROQR,0.7465956290152397,1
8752-IMQOS,0.151325385411374,0
9912-OMZDS,0.2935729028397934,0
7103-ZGVNT,0.013141158259169266,0
3221-CJMSG,0.16558483703032179,0
0139-IVFJG,0.6371142154755552,1
2606-PKWJB,0.024211801800464876,0
0877-SDMBN,0.19472663778506405,0
5549-ZGHFB,0.005261908632169909,0
3045-XETSH,0.6646553438982925,1
8065-QBYTO,0.07255527382358436,0
0107-WESLM,0.3754321666749287,0
2485-ITVKB,0.593916950621656,1
6143-JQKEA,0.36933181355027406,0
0487-CRLZF,0.029253054046889427,0
1218-VKFPE,0.15476663401364066,0
9847-HNVGP,0.07427509133653597,0
2146-EGVDT,0.0026107719355517034,0
0956-SYCWG,0.14323571115704703,0
7503-MIOGA,0.012711564154611481,0
3173-WSSUE,0.001173273459497403,0
7266-GSSJX,0.23962272182927155,0
1746-TGTWV,0.6727875350030964,1
3801-HMYNL,0.6657570850989416,1
4439-YRNVD,0.3310014085412018,0
2921-XWDJH,0.38695088906624686,0
8285-ABVLB,0.0012107272998354256,0
0799-DDIHE,0.41290501134618696,0
9360-OMDZZ,0.6261695863220628,1
1436-ZMJAN,0.3805377690273171,0
0013-SMEOE,0.052842921320462165,0
6402-SSEJG,0.14926849245815807,0
3092-IGHWF,0.16736209214188857,0
4135-FRWKJ,0.04903255794614491,0
4578-PHJYZ,0.052112120324564214,0
8746-BFOAJ,0.05904698319560161,0
8705-DWKTI,0.262474705076799,0
4800-CZMPC,0.18724832047689413,0
3569-VLDHH,0.027436901041970194,0
1666-JZPZT,0.19695831698526667,0
2908-WGAXL,0.003707625224606172,0
9878-TNQGW,0.7576141783381737,1
3580-GICBM,0.002512722387516941,0
2737-YNGYW,0.759018550611384,1
5213-TWWJU,0.4875617081788955,0
3957-LXOLK,0.5971678163698375,1
9313-CDOGY,0.04876682118141397,0
3146-MSEGF,0.011155398780950006,0
6569-KTMDU,0.2749826938230449,0
1269-FOYWN,0.013400243523347939,0
7760-OYPDY,0.7552570725335871,1
8677-HDZEE,0.2272944515619499,0
6961-MJKBO,0.005697774883405911,0
1216-JWVUX,0.5189669107629049,1
7979-CORPM,0.4601276256865034,0
7014-ZZXAW,0.0013593201512013427,0
0733-VUNUW,0.18274506232876755,0
2037-XJFUP,0.42701148720586585,0
2181-TIDSV,0.0013912844245987908,0
6725-TPKJO,0.0068136286842495905,0
2267-FPIMA,0.2357285269395859,0
2484-DGXPZ,0.050701615444946876,0
7486-KSRVI,0.289785296467604,0
5980-BDHPY,0.01014371865992433,0
5678-VFNEQ,0.13970820938600398,0
3982-JGSFD,0.02242873411083436,0
8314-HTWVE,0.07440959312963517,0
2669-OIDSD,0.2801311755468683,0
7268-WNTCP,0.0021847047908392717,0
6821-BUXUX,0.5598825893634058,1
0278-YXOOG,0.22593707157385332,0
5730-RIITO,0.04593114996246607,0
1410-RSCMR,0.24624886436919274,0
1663-MHLHE,0.27493680846498086,0
2300-RQGOI,0.010171331186067634,0
4765-OXPPD,0.20073963118142435,0
3209-ZPKFI,0.11378071906095771,0
9173-IVZVP,0.004001349816621314,0
1385-TQOZW,0.17990655397700114,0
6344-SFJVH,0.23113426912925925,0
6180-YBIQI,0.4343635032920613,0
4859-ZSRDZ,0.011963831952055146,0
6543-JXSOO,0.06950524957447198,0
1930-WNXSB,0.31776653975209673,0
0746-JTRFU,0.5991985308550568,1
0637-UBJRP,0.599582933781412,1
0114-PEGZZ,0.5642348863872217,1
3022-BEXHZ,0.0818463285578049,0
5647-FXOTP,0.40150059888167533,0
7825-ECJRF,0.4711889421634449,0
8963-MQVYN,0.13225175865457117,0
6695-FRVEC,0.006230673248409743,0
6833-JMZYP,0.5807143773840118,1
9667-TKTVZ,0.36938503749321244,0
4999-IEZLT,0.00759883030381416,0
0784-ZQJZX,0.001151031732908498,0
9253-QXKBE,0.5748189233915816,1
0754-UKWQP,0.7523587564506867,1
5481-NTDOH,0.16003890099786608,0
9717-QEBGU,0.7605729660452305,1
4971-PUYQO,0.5067503690436479,1
7599-FKVXZ,0.3392214657709799,0
0122-OAHPZ,0.7213104255450352,1
6242-MBHPK,0.5581249758477211,1
6080-LNESI,0.004815653984078182,0
2379-GYFLQ,0.22345319744485526,0
3612-YVGSJ,0.0013238256987287479,0
5018-HEKFO,0.17617163319912685,0
2115-BFTIW,0.4407666242379831,0
1545-ACTAS,0.2166193709643946,0
5380-XPJNZ,0.019172047295145957,0
5028-HTLJB,0.27454697489887375,0
9424-CMPOG,0.0662733201278872,0
8874-EJNSR,0.010518749906317494,0
5527-ACHSO,0.2879982395683125,0
0506-YLVKJ,0.006071284092311702,0
4013-TLDHQ,0.5787162419840608,1
9114-AAFQH,0.0862165509495314,0
9094-AZPHK,0.6276082478207433,1
6040-CGACY,0.13075064278402507,0
2535-PBCGC,0.005290482309338465,0
7205-BAIAD,0.009118271282827408,0
2055-PDADH,0.7521525801921781,1
6789-HJBWG,0.4134984516616367,0
0254-KCJGT,0.03504195550503478,0
6723-CEGQI,0.0052815555976031105,0
5296-PSYVW,0.002014980931474064,0
7302-ZHMHP,0.274959750549834,0
6357-JJPQT,0.7494614794577409,1
5501-TVMGM,0.5969760264848952,1
6778-EICRF,0.13941447343360513,0
7975-TZMLR,0.34366785637914393,0
